{"class_map": {"valid": [{"map95": 0.46410041794945417, "map50": 0.7609446291051625, "class": "all"}]}}