{
  "dataset_info": {
    "total_samples": 4668,
    "train_samples": 3267,
    "test_samples": 934,
    "valid_samples": 467,
    "train_ratio": 0.6998714652956298,
    "test_ratio": 0.20008568980291344,
    "valid_ratio": 0.10004284490145672
  },
  "class_distribution": {
    "train": {
      "0": 169,
      "1": 304,
      "10": 906,
      "2": 437,
      "3": 66,
      "4": 84,
      "5": 155,
      "6": 437,
      "7": 34,
      "8": 62,
      "9": 279,
      "empty": 334
    },
    "test": {
      "0": 49,
      "1": 87,
      "10": 259,
      "2": 125,
      "3": 19,
      "4": 24,
      "5": 45,
      "6": 125,
      "7": 9,
      "8": 17,
      "9": 79,
      "empty": 96
    },
    "valid": {
      "0": 24,
      "1": 43,
      "10": 130,
      "2": 62,
      "3": 10,
      "4": 12,
      "5": 22,
      "6": 62,
      "7": 5,
      "8": 9,
      "9": 40,
      "empty": 48
    }
  }
}
